id,page,wcag_sc,level,severity,issue,how_found,screenshot,elements,rule,help_url
B001,home,1.4.3,AA,serious,Elements must meet minimum color contrast ratio thresholds (5 elements),axe-core 4.13.0,screenshots/home-desktop.png,"#menu-item-2080 > a | .front-hero__ctas > .front-btn--primary.front-btn | .front-visit__inner > .front-btn--primary.front-btn | #newsletter-1-form > .newsletter-form__fields > .newsletter-form__row > .newsletter-form__submit[type=""submit""][name=""subscribe""] | #newsletter-2-form > .newsletter-form__fields > .newsletter-form__row > .newsletter-form__submit[type=""submit""][name=""subscribe""]",color-contrast,https://dequeuniversity.com/rules/axe/4.13/color-contrast?application=playwright
B002,facilities,1.4.3,AA,serious,Elements must meet minimum color contrast ratio thresholds (3 elements),axe-core 4.13.0,screenshots/facilities-desktop.png,#menu-item-2080 > a | .front-btn | .newsletter-form__submit,color-contrast,https://dequeuniversity.com/rules/axe/4.13/color-contrast?application=playwright
B003,reservations,1.4.3,AA,serious,Elements must meet minimum color contrast ratio thresholds (4 elements),axe-core 4.13.0,screenshots/reservations-desktop.png,"#menu-item-2080 > a | #pwbox-7728 | input[name=""Submit""] | .newsletter-form__submit",color-contrast,https://dequeuniversity.com/rules/axe/4.13/color-contrast?application=playwright
B004,faq,1.4.3,AA,serious,Elements must meet minimum color contrast ratio thresholds (2 elements),axe-core 4.13.0,screenshots/faq-desktop.png,#menu-item-2080 > a | .newsletter-form__submit,color-contrast,https://dequeuniversity.com/rules/axe/4.13/color-contrast?application=playwright
B005,become-a-member,1.4.3,AA,serious,Elements must meet minimum color contrast ratio thresholds (11 elements),axe-core 4.13.0,screenshots/become-a-member-desktop.png,"#menu-item-2080 > a | .join-open-house__times | #join-tab-monthly > .join-terms__tab-label | .join-terms__badge | #join-panel-monthly > .join-plans > .join-plans__item:nth-child(1) > .join-paypal[target=""_top""] > .join-paypal__button[name=""submit""][type=""submit""] > .join-paypal__button-text[aria-hidden=""true""]",color-contrast,https://dequeuniversity.com/rules/axe/4.13/color-contrast?application=playwright
B006,mission-vision,1.4.3,AA,serious,Elements must meet minimum color contrast ratio thresholds (4 elements),axe-core 4.13.0,screenshots/mission-vision-desktop.png,#menu-item-2080 > a | .mv-statement--mission > figcaption | .mv-statement--mission > blockquote > p | .newsletter-form__submit,color-contrast,https://dequeuniversity.com/rules/axe/4.13/color-contrast?application=playwright
B007,leadership,1.4.3,AA,serious,Elements must meet minimum color contrast ratio thresholds (10 elements),axe-core 4.13.0,screenshots/leadership-desktop.png,#menu-item-2080 > a | .lead-person:nth-child(1) > .lead-person__body > .lead-person__name | .lead-person:nth-child(1) > .lead-person__body > .lead-person__role | .lead-person:nth-child(2) > .lead-person__body > .lead-person__name | .lead-person:nth-child(2) > .lead-person__body > .lead-person__role,color-contrast,https://dequeuniversity.com/rules/axe/4.13/color-contrast?application=playwright
B008,contacting-us,1.4.3,AA,serious,Elements must meet minimum color contrast ratio thresholds (4 elements),axe-core 4.13.0,screenshots/contacting-us-desktop.png,"#menu-item-2080 > a | .contact-discord__button | #newsletter-1-form > .newsletter-form__fields > .newsletter-form__row > .newsletter-form__submit[type=""submit""][name=""subscribe""] | #newsletter-2-form > .newsletter-form__fields > .newsletter-form__row > .newsletter-form__submit[type=""submit""][name=""subscribe""]",color-contrast,https://dequeuniversity.com/rules/axe/4.13/color-contrast?application=playwright
B009,support-us,1.4.3,AA,serious,Elements must meet minimum color contrast ratio thresholds (3 elements),axe-core 4.13.0,screenshots/support-us-desktop.png,#menu-item-2080 > a | .donate-paypal__button-text | .newsletter-form__submit,color-contrast,https://dequeuniversity.com/rules/axe/4.13/color-contrast?application=playwright
