page,rule,wcag_sc,issue,elements,help_url
home,color-contrast,1.4.3,Elements must meet minimum color contrast ratio thresholds,41,https://dequeuniversity.com/rules/axe/4.13/color-contrast?application=playwright
facilities,color-contrast,1.4.3,Elements must meet minimum color contrast ratio thresholds,27,https://dequeuniversity.com/rules/axe/4.13/color-contrast?application=playwright
reservations,color-contrast,1.4.3,Elements must meet minimum color contrast ratio thresholds,26,https://dequeuniversity.com/rules/axe/4.13/color-contrast?application=playwright
faq,color-contrast,1.4.3,Elements must meet minimum color contrast ratio thresholds,23,https://dequeuniversity.com/rules/axe/4.13/color-contrast?application=playwright
become-a-member,color-contrast,1.4.3,Elements must meet minimum color contrast ratio thresholds,27,https://dequeuniversity.com/rules/axe/4.13/color-contrast?application=playwright
mission-vision,color-contrast,1.4.3,Elements must meet minimum color contrast ratio thresholds,23,https://dequeuniversity.com/rules/axe/4.13/color-contrast?application=playwright
leadership,color-contrast,1.4.3,Elements must meet minimum color contrast ratio thresholds,25,https://dequeuniversity.com/rules/axe/4.13/color-contrast?application=playwright
contacting-us,color-contrast,1.4.3,Elements must meet minimum color contrast ratio thresholds,29,https://dequeuniversity.com/rules/axe/4.13/color-contrast?application=playwright
support-us,color-contrast,1.4.3,Elements must meet minimum color contrast ratio thresholds,25,https://dequeuniversity.com/rules/axe/4.13/color-contrast?application=playwright
